timestamp,open,close,r,equity_r
2025-07-31 08:30:00+00:00,118610.3,118704.9,,0.0
2025-07-31 08:45:00+00:00,118677.5,118593.1,,0.0
2025-07-31 09:00:00+00:00,118556.6,118520.0,,0.0
2025-07-31 09:15:00+00:00,118510.0,118491.9,,0.0
2025-07-31 09:30:00+00:00,118521.0,118518.2,,0.0
2025-07-31 09:45:00+00:00,118547.6,118592.1,,0.0
2025-07-31 10:00:00+00:00,118592.1,118556.5,,0.0
2025-07-31 10:15:00+00:00,118556.5,118452.3,,0.0
2025-07-31 10:30:00+00:00,118473.5,118519.9,,0.0
2025-07-31 10:45:00+00:00,118520.0,118486.9,,0.0
2025-07-31 11:00:00+00:00,118536.8,118510.6,,0.0
2025-07-31 11:15:00+00:00,118510.7,118510.7,,0.0
2025-07-31 11:30:00+00:00,118510.7,118402.0,,0.0
2025-07-31 11:45:00+00:00,118402.0,118349.4,,0.0
2025-07-31 12:00:00+00:00,118349.5,118448.9,,0.0
2025-07-31 12:15:00+00:00,118405.3,118471.3,,0.0
2025-07-31 12:30:00+00:00,118400.0,118400.4,,0.0
2025-07-31 12:45:00+00:00,118407.3,118586.0,,0.0
2025-07-31 13:00:00+00:00,118614.3,118300.7,,0.0
2025-07-31 13:15:00+00:00,118283.0,118163.3,,0.0
2025-07-31 13:30:00+00:00,118111.0,118294.6,,0.0
2025-07-31 13:45:00+00:00,118424.8,118584.9,,0.0
2025-07-31 14:00:00+00:00,118644.9,118304.5,,0.0
2025-07-31 14:15:00+00:00,118283.0,118078.6,,0.0
2025-07-31 14:30:00+00:00,117948.4,118039.8,,0.0
2025-07-31 14:45:00+00:00,117977.7,117929.1,,0.0
2025-07-31 15:00:00+00:00,117982.2,118040.5,,0.0
2025-07-31 15:15:00+00:00,118067.4,118017.2,,0.0
2025-07-31 15:30:00+00:00,118047.0,118273.2,,0.0
2025-07-31 15:45:00+00:00,118294.7,118304.9,,0.0
2025-07-31 16:00:00+00:00,118301.9,118349.4,,0.0
2025-07-31 16:15:00+00:00,118377.7,118511.3,,0.0
2025-07-31 16:30:00+00:00,118520.0,118638.0,,0.0
2025-07-31 16:45:00+00:00,118652.7,118536.6,,0.0
2025-07-31 17:00:00+00:00,118547.4,118281.8,,0.0
2025-07-31 17:15:00+00:00,118235.1,117856.5,,0.0
2025-07-31 17:30:00+00:00,117879.0,118047.0,,0.0
2025-07-31 17:45:00+00:00,118047.0,117755.0,,0.0
2025-07-31 18:00:00+00:00,117772.1,117550.9,,0.0
2025-07-31 18:15:00+00:00,117500.9,117910.4,,0.0
2025-07-31 18:30:00+00:00,117910.8,117811.0,,0.0
2025-07-31 18:45:00+00:00,117881.1,117630.3,,0.0
2025-07-31 19:00:00+00:00,117686.0,117274.1,,0.0
2025-07-31 19:15:00+00:00,117274.1,117171.7,,0.0
2025-07-31 19:30:00+00:00,117216.1,116985.6,,0.0
2025-07-31 19:45:00+00:00,116938.7,116766.5,,0.0
2025-07-31 20:00:00+00:00,116894.6,116637.9,,0.0
2025-07-31 20:15:00+00:00,116585.5,116640.0,,0.0
2025-07-31 20:30:00+00:00,116728.2,116582.1,,0.0
2025-07-31 20:45:00+00:00,116570.7,116550.0,,0.0
2025-07-31 21:00:00+00:00,116550.1,116573.3,,0.0
2025-07-31 21:15:00+00:00,116573.4,116739.6,,0.0
2025-07-31 21:30:00+00:00,116756.0,116735.4,,0.0
2025-07-31 21:45:00+00:00,116774.3,116518.4,,0.0
2025-07-31 22:00:00+00:00,116325.9,116220.3,,0.0
2025-07-31 22:15:00+00:00,116198.2,116132.5,,0.0
2025-07-31 22:30:00+00:00,116218.6,116217.4,,0.0
2025-07-31 22:45:00+00:00,116195.8,116138.9,,0.0
2025-07-31 23:00:00+00:00,116100.0,116290.0,,0.0
2025-07-31 23:15:00+00:00,116282.1,116063.9,,0.0
2025-07-31 23:30:00+00:00,116060.6,115774.2,,0.0
2025-07-31 23:45:00+00:00,115820.4,115769.3,,0.0
2025-08-01 00:00:00+00:00,115740.7,115306.6,,0.0
2025-08-01 00:15:00+00:00,115377.3,115809.9,,0.0
2025-08-01 00:30:00+00:00,115809.2,115614.5,,0.0
2025-08-01 00:45:00+00:00,115480.0,115418.0,,0.0
2025-08-01 01:00:00+00:00,115392.7,114622.7,,0.0
2025-08-01 01:15:00+00:00,114654.8,115211.9,,0.0
2025-08-01 01:30:00+00:00,115190.7,115328.7,,0.0
2025-08-01 01:45:00+00:00,115304.8,115268.5,,0.0
2025-08-01 02:00:00+00:00,115305.7,115545.4,,0.0
2025-08-01 02:15:00+00:00,115545.6,115671.4,,0.0
2025-08-01 02:30:00+00:00,115650.1,115942.2,,0.0
2025-08-01 02:45:00+00:00,115942.1,115953.2,,0.0
2025-08-01 03:00:00+00:00,115953.3,115857.6,,0.0
2025-08-01 03:15:00+00:00,115826.0,116022.3,,0.0
2025-08-01 03:30:00+00:00,116022.2,115861.4,,0.0
2025-08-01 03:45:00+00:00,115826.0,115664.9,,0.0
2025-08-01 04:00:00+00:00,115665.0,115364.1,,0.0
2025-08-01 04:15:00+00:00,115464.7,115525.3,,0.0
2025-08-01 04:30:00+00:00,115541.2,115593.4,,0.0
2025-08-01 04:45:00+00:00,115575.9,115680.4,,0.0
2025-08-01 05:00:00+00:00,115691.8,115816.1,,0.0
2025-08-01 05:15:00+00:00,115831.0,115643.7,,0.0
2025-08-01 05:30:00+00:00,115637.4,115568.0,,0.0
2025-08-01 05:45:00+00:00,115568.0,115579.1,,0.0
2025-08-01 06:00:00+00:00,115593.1,115468.3,,0.0
2025-08-01 06:15:00+00:00,115473.4,115364.0,,0.0
2025-08-01 06:30:00+00:00,115274.8,115111.2,,0.0
2025-08-01 06:45:00+00:00,115128.7,115107.3,,0.0
2025-08-01 07:00:00+00:00,115160.0,114990.0,,0.0
2025-08-01 07:15:00+00:00,114979.0,114904.1,,0.0
2025-08-01 07:30:00+00:00,114904.0,114694.8,,0.0
2025-08-01 07:45:00+00:00,114771.6,115019.0,,0.0
2025-08-01 08:00:00+00:00,115018.9,114708.6,,0.0
2025-08-01 08:15:00+00:00,114708.5,114392.2,,0.0
2025-08-01 08:30:00+00:00,114436.5,114557.9,,0.0
2025-08-01 08:45:00+00:00,114559.9,114736.4,,0.0
2025-08-01 09:00:00+00:00,114700.0,115009.9,,0.0
2025-08-01 09:15:00+00:00,115024.0,115279.0,,0.0
2025-08-01 09:30:00+00:00,115256.3,115207.4,,0.0
2025-08-01 09:45:00+00:00,115207.5,115019.2,,0.0
2025-08-01 10:00:00+00:00,115019.1,115150.8,,0.0
2025-08-01 10:15:00+00:00,115200.4,115092.4,,0.0
2025-08-01 10:30:00+00:00,115019.0,114984.9,,0.0
2025-08-01 10:45:00+00:00,114993.3,114800.3,,0.0
2025-08-01 11:00:00+00:00,114813.2,114984.4,,0.0
2025-08-01 11:15:00+00:00,114996.8,115060.2,,0.0
2025-08-01 11:30:00+00:00,115076.7,115249.1,,0.0
2025-08-01 11:45:00+00:00,115249.0,115261.5,,0.0
2025-08-01 12:00:00+00:00,115296.2,115462.0,,0.0
2025-08-01 12:15:00+00:00,115461.9,115356.6,,0.0
2025-08-01 12:30:00+00:00,115447.1,115826.0,,0.0
2025-08-01 12:45:00+00:00,115831.1,115775.4,,0.0
2025-08-01 13:00:00+00:00,115734.5,115941.9,,0.0
2025-08-01 13:15:00+00:00,115853.8,115643.2,,0.0
2025-08-01 13:30:00+00:00,115552.6,115074.1,,0.0
2025-08-01 13:45:00+00:00,115019.0,114363.8,,0.0
2025-08-01 14:00:00+00:00,114377.9,115094.9,,0.0
2025-08-01 14:15:00+00:00,115166.2,115727.1,,0.0
2025-08-01 14:30:00+00:00,115734.6,115399.3,,0.0
2025-08-01 14:45:00+00:00,115509.0,115644.9,,0.0
2025-08-01 15:00:00+00:00,115571.3,115259.9,,0.0
2025-08-01 15:15:00+00:00,115206.0,114745.1,,0.0
2025-08-01 15:30:00+00:00,114816.2,115198.5,,0.0
2025-08-01 15:45:00+00:00,115274.7,115404.9,,0.0
2025-08-01 16:00:00+00:00,115360.0,115561.1,,0.0
2025-08-01 16:15:00+00:00,115599.6,115618.5,,0.0
2025-08-01 16:30:00+00:00,115495.0,115296.9,,0.0
2025-08-01 16:45:00+00:00,115410.6,114992.2,,0.0
2025-08-01 17:00:00+00:00,115043.3,114640.5,,0.0
2025-08-01 17:15:00+00:00,114597.0,114645.2,,0.0
2025-08-01 17:30:00+00:00,114651.2,114524.3,,0.0
2025-08-01 17:45:00+00:00,114539.2,114427.6,,0.0
2025-08-01 18:00:00+00:00,114449.9,114170.4,,0.0
2025-08-01 18:15:00+00:00,114171.6,114229.1,,0.0
2025-08-01 18:30:00+00:00,114229.1,114186.9,,0.0
2025-08-01 18:45:00+00:00,114177.3,113827.0,,0.0
2025-08-01 19:00:00+00:00,113800.0,113812.7,,0.0
2025-08-01 19:15:00+00:00,113735.7,113390.8,,0.0
2025-08-01 19:30:00+00:00,113357.0,113303.4,,0.0
2025-08-01 19:45:00+00:00,113300.0,113329.4,,0.0
2025-08-01 20:00:00+00:00,113329.5,113299.4,,0.0
2025-08-01 20:15:00+00:00,113281.3,113502.3,,0.0
2025-08-01 20:30:00+00:00,113556.2,113599.9,,0.0
2025-08-01 20:45:00+00:00,113697.7,113949.6,,0.0
2025-08-01 21:00:00+00:00,113979.4,113927.9,,0.0
2025-08-01 21:15:00+00:00,113900.2,113990.0,,0.0
2025-08-01 21:30:00+00:00,113990.0,113981.8,,0.0
2025-08-01 21:45:00+00:00,113980.5,113989.6,,0.0
2025-08-01 22:00:00+00:00,114011.1,113659.5,,0.0
2025-08-01 22:15:00+00:00,113715.5,113209.5,,0.0
2025-08-01 22:30:00+00:00,113439.2,113010.5,,0.0
2025-08-01 22:45:00+00:00,113100.6,113161.6,,0.0
2025-08-01 23:00:00+00:00,113145.0,113252.9,,0.0
2025-08-01 23:15:00+00:00,113293.3,113561.8,,0.0
2025-08-01 23:30:00+00:00,113394.5,113326.8,,0.0
2025-08-01 23:45:00+00:00,113354.3,113404.5,,0.0
2025-08-02 00:00:00+00:00,113306.1,113366.8,,0.0
2025-08-02 00:15:00+00:00,113334.3,113579.5,,0.0
2025-08-02 00:30:00+00:00,113540.8,113600.0,,0.0
2025-08-02 00:45:00+00:00,113642.4,113841.3,,0.0
2025-08-02 01:00:00+00:00,113827.7,113800.0,,0.0
2025-08-02 01:15:00+00:00,113763.8,113622.2,,0.0
2025-08-02 01:30:00+00:00,113614.2,113625.0,,0.0
2025-08-02 01:45:00+00:00,113585.2,113662.0,,0.0
2025-08-02 02:00:00+00:00,113670.3,113732.9,,0.0
2025-08-02 02:15:00+00:00,113734.5,113605.7,,0.0
2025-08-02 02:30:00+00:00,113733.0,113666.2,,0.0
2025-08-02 02:45:00+00:00,113681.6,113671.4,,0.0
2025-08-02 03:00:00+00:00,113713.8,113870.1,,0.0
2025-08-02 03:15:00+00:00,113870.1,113828.3,,0.0
2025-08-02 03:30:00+00:00,113828.3,113839.7,,0.0
2025-08-02 03:45:00+00:00,113828.3,113866.0,,0.0
2025-08-02 04:00:00+00:00,113896.0,113860.7,,0.0
2025-08-02 04:15:00+00:00,113860.6,114010.1,,0.0
2025-08-02 04:30:00+00:00,113978.5,114041.0,,0.0
2025-08-02 04:45:00+00:00,114041.0,114021.8,,0.0
2025-08-02 05:00:00+00:00,114041.0,114000.0,,0.0
2025-08-02 05:15:00+00:00,113985.0,113999.9,,0.0
2025-08-02 05:30:00+00:00,113999.9,114013.7,,0.0
2025-08-02 05:45:00+00:00,113934.7,113978.6,,0.0
2025-08-02 06:00:00+00:00,113987.6,113910.6,,0.0
2025-08-02 06:15:00+00:00,113860.6,113565.9,,0.0
2025-08-02 06:30:00+00:00,113587.8,113511.1,,0.0
2025-08-02 06:45:00+00:00,113599.0,113709.3,,0.0
2025-08-02 07:00:00+00:00,113706.0,113696.5,,0.0
2025-08-02 07:15:00+00:00,113696.0,113910.7,,0.0
2025-08-02 07:30:00+00:00,113910.6,113934.6,,0.0
2025-08-02 07:45:00+00:00,113932.6,114013.2,,0.0
2025-08-02 08:00:00+00:00,113992.2,113963.7,,0.0
2025-08-02 08:15:00+00:00,113966.0,113928.1,,0.0
2025-08-02 08:30:00+00:00,113928.1,113739.6,,0.0
2025-08-02 08:45:00+00:00,113728.5,113728.5,,0.0
2025-08-02 09:00:00+00:00,113720.7,113836.7,,0.0
2025-08-02 09:15:00+00:00,113818.7,113759.8,,0.0
2025-08-02 09:30:00+00:00,113713.1,113602.8,,0.0
2025-08-02 09:45:00+00:00,113589.7,113700.6,,0.0
2025-08-02 10:00:00+00:00,113721.6,113622.7,,0.0
2025-08-02 10:15:00+00:00,113601.3,113634.9,,0.0
2025-08-02 10:30:00+00:00,113628.6,113500.1,,0.0
2025-08-02 10:45:00+00:00,113500.1,113617.1,,0.0
2025-08-02 11:00:00+00:00,113547.4,113501.4,,0.0
2025-08-02 11:15:00+00:00,113500.1,113865.7,,0.0
2025-08-02 11:30:00+00:00,113852.3,113804.9,,0.0
2025-08-02 11:45:00+00:00,113801.1,113791.5,,0.0
2025-08-02 12:00:00+00:00,113791.5,113737.5,,0.0
2025-08-02 12:15:00+00:00,113737.5,113737.2,,0.0
2025-08-02 12:30:00+00:00,113730.7,113716.7,,0.0
2025-08-02 12:45:00+00:00,113622.3,113646.0,,0.0
2025-08-02 13:00:00+00:00,113646.1,113510.0,,0.0
2025-08-02 13:15:00+00:00,113500.0,113302.1,,0.0
2025-08-02 13:30:00+00:00,113294.8,113400.0,,0.0
2025-08-02 13:45:00+00:00,113435.3,113472.9,,0.0
2025-08-02 14:00:00+00:00,113499.9,113400.0,,0.0
2025-08-02 14:15:00+00:00,113400.1,113274.7,,0.0
2025-08-02 14:30:00+00:00,113243.2,113045.2,,0.0
2025-08-02 14:45:00+00:00,113045.2,113159.3,,0.0
2025-08-02 15:00:00+00:00,113155.9,113244.4,,0.0
2025-08-02 15:15:00+00:00,113244.5,113279.9,,0.0
2025-08-02 15:30:00+00:00,113242.2,113027.7,,0.0
2025-08-02 15:45:00+00:00,113027.4,112875.3,,0.0
2025-08-02 16:00:00+00:00,112840.1,112607.7,,0.0
2025-08-02 16:15:00+00:00,112770.1,112926.3,,0.0
2025-08-02 16:30:00+00:00,112907.9,113076.5,,0.0
2025-08-02 16:45:00+00:00,113076.6,113154.7,,0.0
2025-08-02 17:00:00+00:00,113154.7,113341.7,,0.0
2025-08-02 17:15:00+00:00,113341.7,113314.1,,0.0
2025-08-02 17:30:00+00:00,113372.3,113161.8,,0.0
2025-08-02 17:45:00+00:00,113102.8,112750.0,,0.0
2025-08-02 18:00:00+00:00,112793.2,112555.3,,0.0
2025-08-02 18:15:00+00:00,112644.2,112402.6,,0.0
2025-08-02 18:30:00+00:00,112402.6,112432.1,,0.0
2025-08-02 18:45:00+00:00,112510.5,112330.6,,0.0
2025-08-02 19:00:00+00:00,112359.3,112115.0,,0.0
2025-08-02 19:15:00+00:00,112115.0,112662.7,,0.0
2025-08-02 19:30:00+00:00,112669.1,112747.9,,0.0
2025-08-02 19:45:00+00:00,112659.2,112281.6,,0.0
2025-08-02 20:00:00+00:00,112263.1,112314.7,,0.0
2025-08-02 20:15:00+00:00,112377.4,112443.7,,0.0
2025-08-02 20:30:00+00:00,112404.8,112393.6,,0.0
2025-08-02 20:45:00+00:00,112414.5,112660.1,,0.0
2025-08-02 21:00:00+00:00,112782.8,112592.2,,0.0
2025-08-02 21:15:00+00:00,112629.9,112584.5,,0.0
2025-08-02 21:30:00+00:00,112629.8,112852.4,,0.0
2025-08-02 21:45:00+00:00,112873.5,113056.4,,0.0
2025-08-02 22:00:00+00:00,112898.8,112898.7,,0.0
2025-08-02 22:15:00+00:00,112898.7,112597.7,,0.0
2025-08-02 22:30:00+00:00,112612.1,112805.6,,0.0
2025-08-02 22:45:00+00:00,112811.0,112866.7,,0.0
2025-08-02 23:00:00+00:00,112858.4,112680.6,,0.0
2025-08-02 23:15:00+00:00,112722.4,112345.0,,0.0
2025-08-02 23:30:00+00:00,112364.1,112775.5,,0.0
2025-08-02 23:45:00+00:00,112733.9,112557.3,,0.0
2025-08-03 00:00:00+00:00,112584.3,112632.9,,0.0
2025-08-03 00:15:00+00:00,112679.4,112339.5,,0.0
2025-08-03 00:30:00+00:00,112338.3,112701.1,,0.0
2025-08-03 00:45:00+00:00,112686.4,112960.4,,0.0
2025-08-03 01:00:00+00:00,112968.0,113002.6,,0.0
2025-08-03 01:15:00+00:00,112973.6,113132.6,,0.0
2025-08-03 01:30:00+00:00,113184.8,113197.4,,0.0
2025-08-03 01:45:00+00:00,113211.6,113134.2,,0.0
2025-08-03 02:00:00+00:00,113126.8,113300.3,,0.0
2025-08-03 02:15:00+00:00,113300.3,113391.9,,0.0
2025-08-03 02:30:00+00:00,113352.3,113417.0,,0.0
2025-08-03 02:45:00+00:00,113417.9,113450.0,,0.0
2025-08-03 03:00:00+00:00,113450.0,113450.0,,0.0
2025-08-03 03:15:00+00:00,113449.9,113529.4,,0.0
2025-08-03 03:30:00+00:00,113521.9,113655.9,,0.0
2025-08-03 03:45:00+00:00,113655.9,113655.5,,0.0
2025-08-03 04:00:00+00:00,113603.6,113449.9,,0.0
2025-08-03 04:15:00+00:00,113468.9,113517.5,,0.0
2025-08-03 04:30:00+00:00,113514.9,113450.0,,0.0
2025-08-03 04:45:00+00:00,113449.9,113474.6,,0.0
2025-08-03 05:00:00+00:00,113485.1,113506.0,,0.0
2025-08-03 05:15:00+00:00,113516.8,113610.7,,0.0
2025-08-03 05:30:00+00:00,113587.6,113572.1,,0.0
2025-08-03 05:45:00+00:00,113572.1,113634.6,,0.0
2025-08-03 06:00:00+00:00,113636.7,113541.3,,0.0
2025-08-03 06:15:00+00:00,113534.0,113573.8,,0.0
2025-08-03 06:30:00+00:00,113594.5,113512.2,,0.0
2025-08-03 06:45:00+00:00,113512.2,113545.3,,0.0
2025-08-03 07:00:00+00:00,113648.0,113633.5,,0.0
2025-08-03 07:15:00+00:00,113648.0,113647.9,,0.0
2025-08-03 07:30:00+00:00,113647.9,113693.1,,0.0
2025-08-03 07:45:00+00:00,113710.6,113682.4,,0.0
2025-08-03 08:00:00+00:00,113682.5,113798.0,,0.0
2025-08-03 08:15:00+00:00,113781.8,113727.7,,0.0
2025-08-03 08:30:00+00:00,113727.6,113648.0,,0.0
2025-08-03 08:45:00+00:00,113648.1,113693.4,,0.0
2025-08-03 09:00:00+00:00,113690.2,113680.5,,0.0
2025-08-03 09:15:00+00:00,113687.0,113651.2,,0.0
2025-08-03 09:30:00+00:00,113668.2,113662.2,,0.0
2025-08-03 09:45:00+00:00,113673.1,113668.2,,0.0
2025-08-03 10:00:00+00:00,113663.7,113752.1,,0.0
2025-08-03 10:15:00+00:00,113753.1,113745.5,,0.0
2025-08-03 10:30:00+00:00,113708.9,113810.4,,0.0
2025-08-03 10:45:00+00:00,113804.8,113856.8,,0.0
2025-08-03 11:00:00+00:00,113875.0,114247.8,,0.0
2025-08-03 11:15:00+00:00,114158.9,114162.4,,0.0
2025-08-03 11:30:00+00:00,114103.0,113911.4,,0.0
2025-08-03 11:45:00+00:00,113965.2,114047.1,,0.0
2025-08-03 12:00:00+00:00,113896.0,113771.2,,0.0
2025-08-03 12:15:00+00:00,113771.1,113819.5,,0.0
2025-08-03 12:30:00+00:00,113816.4,113875.0,,0.0
2025-08-03 12:45:00+00:00,113988.9,114044.7,,0.0
2025-08-03 13:00:00+00:00,114044.7,114059.1,,0.0
2025-08-03 13:15:00+00:00,114068.1,113875.0,,0.0
2025-08-03 13:30:00+00:00,113890.1,113933.8,,0.0
2025-08-03 13:45:00+00:00,113922.1,113933.5,,0.0
2025-08-03 14:00:00+00:00,113970.7,113802.0,,0.0
2025-08-03 14:15:00+00:00,113868.2,113648.1,,0.0
2025-08-03 14:30:00+00:00,113697.7,113833.8,,0.0
2025-08-03 14:45:00+00:00,113741.0,113783.3,,0.0
2025-08-03 15:00:00+00:00,113773.2,113746.7,,0.0
2025-08-03 15:15:00+00:00,113775.2,113819.0,,0.0
2025-08-03 15:30:00+00:00,113819.0,113875.0,,0.0
2025-08-03 15:45:00+00:00,113875.0,113954.7,,0.0
2025-08-03 16:00:00+00:00,113924.8,113768.2,,0.0
2025-08-03 16:15:00+00:00,113801.6,113882.1,,0.0
2025-08-03 16:30:00+00:00,113880.5,113944.6,,0.0
2025-08-03 16:45:00+00:00,113963.5,113998.6,,0.0
2025-08-03 17:00:00+00:00,113998.6,114071.1,,0.0
2025-08-03 17:15:00+00:00,114102.9,114024.8,,0.0
2025-08-03 17:30:00+00:00,114018.4,114041.2,,0.0
2025-08-03 17:45:00+00:00,113994.1,114103.0,,0.0
2025-08-03 18:00:00+00:00,114098.8,114134.4,,0.0
2025-08-03 18:15:00+00:00,114110.9,114331.0,,0.0
2025-08-03 18:30:00+00:00,114282.3,114370.2,,0.0
2025-08-03 18:45:00+00:00,114329.7,114309.5,,0.0
2025-08-03 19:00:00+00:00,114370.2,114398.9,,0.0
2025-08-03 19:15:00+00:00,114422.0,114529.8,,0.0
2025-08-03 19:30:00+00:00,114535.0,114445.1,,0.0
2025-08-03 19:45:00+00:00,114445.0,114331.0,,0.0
2025-08-03 20:00:00+00:00,114331.0,114218.0,,0.0
2025-08-03 20:15:00+00:00,114222.6,114206.8,,0.0
2025-08-03 20:30:00+00:00,114236.3,114403.2,,0.0
2025-08-03 20:45:00+00:00,114428.9,114426.4,,0.0
2025-08-03 21:00:00+00:00,114408.4,114531.2,,0.0
2025-08-03 21:15:00+00:00,114514.3,114526.5,,0.0
2025-08-03 21:30:00+00:00,114526.6,114500.0,,0.0
2025-08-03 21:45:00+00:00,114410.0,114466.7,,0.0
2025-08-03 22:00:00+00:00,114442.6,114236.0,,0.0
2025-08-03 22:15:00+00:00,114227.8,114112.9,,0.0
2025-08-03 22:30:00+00:00,114148.1,114265.1,,0.0
2025-08-03 22:45:00+00:00,114279.1,114329.1,,0.0
2025-08-03 23:00:00+00:00,114321.4,114386.2,,0.0
2025-08-03 23:15:00+00:00,114435.2,114346.9,,0.0
2025-08-03 23:30:00+00:00,114301.9,114218.7,,0.0
2025-08-03 23:45:00+00:00,114225.0,114213.9,,0.0
2025-08-04 00:00:00+00:00,114217.1,114136.5,-0.6759166017013114,-0.7159166017013114
2025-08-04 00:15:00+00:00,114141.4,114283.4,,-0.7159166017013114
2025-08-04 00:30:00+00:00,114331.0,114606.8,,-0.7159166017013114
2025-08-04 00:45:00+00:00,114583.8,114858.1,,-0.7159166017013114
2025-08-04 01:00:00+00:00,114903.8,114774.6,,-0.7159166017013114
2025-08-04 01:15:00+00:00,114709.2,114885.5,,-0.7159166017013114
2025-08-04 01:30:00+00:00,114885.4,114748.9,,-0.7159166017013114
2025-08-04 01:45:00+00:00,114718.6,114675.7,,-0.7159166017013114
2025-08-04 02:00:00+00:00,114741.9,114502.6,,-0.7159166017013114
2025-08-04 02:15:00+00:00,114550.1,114722.3,,-0.7159166017013114
2025-08-04 02:30:00+00:00,114726.6,114722.0,,-0.7159166017013114
2025-08-04 02:45:00+00:00,114674.0,114757.1,,-0.7159166017013114
2025-08-04 03:00:00+00:00,114789.0,114709.5,,-0.7159166017013114
2025-08-04 03:15:00+00:00,114713.1,114678.6,,-0.7159166017013114
2025-08-04 03:30:00+00:00,114698.5,114678.5,,-0.7159166017013114
2025-08-04 03:45:00+00:00,114678.4,114612.2,,-0.7159166017013114
2025-08-04 04:00:00+00:00,114602.1,114637.2,,-0.7159166017013114
2025-08-04 04:15:00+00:00,114621.0,114609.5,,-0.7159166017013114
2025-08-04 04:30:00+00:00,114602.0,114395.2,,-0.7159166017013114
2025-08-04 04:45:00+00:00,114404.6,114385.6,,-0.7159166017013114
2025-08-04 05:00:00+00:00,114404.5,114333.6,,-0.7159166017013114
2025-08-04 05:15:00+00:00,114318.9,114262.8,-1.0,-1.7559166017013115
2025-08-04 05:30:00+00:00,114286.5,114232.3,,-1.7559166017013115
2025-08-04 05:45:00+00:00,114220.9,114409.0,,-1.7559166017013115
2025-08-04 06:00:00+00:00,114413.2,114273.5,,-1.7559166017013115
2025-08-04 06:15:00+00:00,114235.7,114213.3,-1.0,-2.7959166017013115
2025-08-04 06:30:00+00:00,114216.9,114414.7,,-2.7959166017013115
2025-08-04 06:45:00+00:00,114322.6,114441.8,,-2.7959166017013115
2025-08-04 07:00:00+00:00,114415.9,114526.5,,-2.7959166017013115
2025-08-04 07:15:00+00:00,114520.0,114509.4,,-2.7959166017013115
2025-08-04 07:30:00+00:00,114509.3,114662.0,,-2.7959166017013115
2025-08-04 07:45:00+00:00,114674.0,114655.2,,-2.7959166017013115
2025-08-04 08:00:00+00:00,114669.9,114686.7,,-2.7959166017013115
2025-08-04 08:15:00+00:00,114699.3,114502.3,,-2.7959166017013115
2025-08-04 08:30:00+00:00,114445.5,114554.8,,-2.7959166017013115
2025-08-04 08:45:00+00:00,114533.1,114477.3,,-2.7959166017013115
2025-08-04 09:00:00+00:00,114552.5,114552.4,,-2.7959166017013115
2025-08-04 09:15:00+00:00,114552.5,114635.5,,-2.7959166017013115
2025-08-04 09:30:00+00:00,114694.5,114560.0,,-2.7959166017013115
2025-08-04 09:45:00+00:00,114560.0,114408.8,,-2.7959166017013115
2025-08-04 10:00:00+00:00,114408.9,114403.5,,-2.7959166017013115
2025-08-04 10:15:00+00:00,114463.3,114470.5,,-2.7959166017013115
2025-08-04 10:30:00+00:00,114419.0,114359.7,,-2.7959166017013115
2025-08-04 10:45:00+00:00,114359.7,114331.0,,-2.7959166017013115
2025-08-04 11:00:00+00:00,114331.0,114323.7,,-2.7959166017013115
2025-08-04 11:15:00+00:00,114313.5,114359.8,,-2.7959166017013115
2025-08-04 11:30:00+00:00,114359.8,114359.7,,-2.7959166017013115
2025-08-04 11:45:00+00:00,114359.8,114475.4,,-2.7959166017013115
2025-08-04 12:00:00+00:00,114511.3,114506.7,,-2.7959166017013115
2025-08-04 12:15:00+00:00,114505.2,114397.0,,-2.7959166017013115
2025-08-04 12:30:00+00:00,114384.0,114371.4,,-2.7959166017013115
2025-08-04 12:45:00+00:00,114356.6,114458.5,,-2.7959166017013115
2025-08-04 13:00:00+00:00,114455.5,114420.2,,-2.7959166017013115
2025-08-04 13:15:00+00:00,114410.9,114217.0,,-2.7959166017013115
2025-08-04 13:30:00+00:00,114217.1,114674.0,,-2.7959166017013115
2025-08-04 13:45:00+00:00,114705.1,114903.7,,-2.7959166017013115
2025-08-04 14:00:00+00:00,114903.8,115257.0,,-2.7959166017013115
2025-08-04 14:15:00+00:00,115257.0,115400.0,,-2.7959166017013115
2025-08-04 14:30:00+00:00,115400.0,115043.2,,-2.7959166017013115
2025-08-04 14:45:00+00:00,115019.1,114723.8,,-2.7959166017013115
2025-08-04 15:00:00+00:00,114741.7,114952.2,,-2.7959166017013115
2025-08-04 15:15:00+00:00,114984.1,114789.4,,-2.7959166017013115
2025-08-04 15:30:00+00:00,114789.4,114653.4,,-2.7959166017013115
2025-08-04 15:45:00+00:00,114658.6,114788.9,,-2.7959166017013115
2025-08-04 16:00:00+00:00,114789.0,115159.7,,-2.7959166017013115
2025-08-04 16:15:00+00:00,115056.6,114971.7,,-2.7959166017013115
2025-08-04 16:30:00+00:00,114915.6,115036.7,,-2.7959166017013115
2025-08-04 16:45:00+00:00,115106.2,115306.5,,-2.7959166017013115
2025-08-04 17:00:00+00:00,115248.9,115593.3,,-2.7959166017013115
2025-08-04 17:15:00+00:00,115624.2,115485.7,,-2.7959166017013115
2025-08-04 17:30:00+00:00,115485.7,115220.6,,-2.7959166017013115
2025-08-04 17:45:00+00:00,115231.7,115201.3,,-2.7959166017013115
2025-08-04 18:00:00+00:00,115263.8,115078.2,,-2.7959166017013115
2025-08-04 18:15:00+00:00,115078.3,115266.5,,-2.7959166017013115
2025-08-04 18:30:00+00:00,115257.3,115062.8,,-2.7959166017013115
2025-08-04 18:45:00+00:00,115031.9,115019.1,,-2.7959166017013115
2025-08-04 19:00:00+00:00,115019.1,115018.9,,-2.7959166017013115
2025-08-04 19:15:00+00:00,114983.2,114952.0,,-2.7959166017013115
2025-08-04 19:30:00+00:00,114952.0,114815.3,,-2.7959166017013115
2025-08-04 19:45:00+00:00,114815.2,114769.0,,-2.7959166017013115
2025-08-04 20:00:00+00:00,114768.9,114680.6,,-2.7959166017013115
2025-08-04 20:15:00+00:00,114682.5,114715.2,,-2.7959166017013115
2025-08-04 20:30:00+00:00,114715.2,115018.9,,-2.7959166017013115
2025-08-04 20:45:00+00:00,115018.9,114856.3,,-2.7959166017013115
2025-08-04 21:00:00+00:00,114843.6,115017.7,,-2.7959166017013115
2025-08-04 21:15:00+00:00,115019.0,114996.4,,-2.7959166017013115
2025-08-04 21:30:00+00:00,114995.9,115243.7,2.296466885639531,-0.5394497160617804
2025-08-04 21:45:00+00:00,115249.0,115088.6,,-0.5394497160617804
2025-08-04 22:00:00+00:00,115103.1,115241.8,,-0.5394497160617804
2025-08-04 22:15:00+00:00,115233.2,115096.6,,-0.5394497160617804
2025-08-04 22:30:00+00:00,115166.5,115160.2,,-0.5394497160617804
2025-08-04 22:45:00+00:00,115181.8,115334.9,,-0.5394497160617804
2025-08-04 23:00:00+00:00,115336.5,115330.9,,-0.5394497160617804
2025-08-04 23:15:00+00:00,115336.6,115330.9,,-0.5394497160617804
2025-08-04 23:30:00+00:00,115331.0,115238.3,,-0.5394497160617804
2025-08-04 23:45:00+00:00,115240.6,115106.7,,-0.5394497160617804
2025-08-05 00:00:00+00:00,115019.0,115028.6,,-0.5394497160617804
2025-08-05 00:15:00+00:00,115019.0,114925.0,,-0.5394497160617804
2025-08-05 00:30:00+00:00,114914.9,114995.9,,-0.5394497160617804
2025-08-05 00:45:00+00:00,114904.1,114904.0,,-0.5394497160617804
2025-08-05 01:00:00+00:00,114904.1,114971.0,-1.0,-1.5794497160617804
2025-08-05 01:15:00+00:00,114949.1,114903.3,,-1.5794497160617804
2025-08-05 01:30:00+00:00,114887.0,114881.5,,-1.5794497160617804
2025-08-05 01:45:00+00:00,114918.3,114708.2,,-1.5794497160617804
2025-08-05 02:00:00+00:00,114715.6,114700.0,,-1.5794497160617804
2025-08-05 02:15:00+00:00,114709.0,114717.8,,-1.5794497160617804
2025-08-05 02:30:00+00:00,114717.7,114654.5,,-1.5794497160617804
2025-08-05 02:45:00+00:00,114654.5,114729.2,,-1.5794497160617804
2025-08-05 03:00:00+00:00,114739.7,114475.4,-1.0,-2.6194497160617805
2025-08-05 03:15:00+00:00,114474.5,114357.9,,-2.6194497160617805
2025-08-05 03:30:00+00:00,114358.0,114331.2,,-2.6194497160617805
2025-08-05 03:45:00+00:00,114331.2,114262.0,,-2.6194497160617805
2025-08-05 04:00:00+00:00,114262.0,114433.9,,-2.6194497160617805
2025-08-05 04:15:00+00:00,114399.9,114255.2,,-2.6194497160617805
2025-08-05 04:30:00+00:00,114255.2,114265.0,,-2.6194497160617805
2025-08-05 04:45:00+00:00,114288.3,114384.1,,-2.6194497160617805
2025-08-05 05:00:00+00:00,114389.9,114462.3,,-2.6194497160617805
2025-08-05 05:15:00+00:00,114451.0,114399.9,,-2.6194497160617805
2025-08-05 05:30:00+00:00,114416.2,114297.2,,-2.6194497160617805
2025-08-05 05:45:00+00:00,114270.2,114403.5,,-2.6194497160617805
2025-08-05 06:00:00+00:00,114386.7,114445.0,,-2.6194497160617805
2025-08-05 06:15:00+00:00,114434.9,114445.0,,-2.6194497160617805
2025-08-05 06:30:00+00:00,114445.0,114444.9,,-2.6194497160617805
2025-08-05 06:45:00+00:00,114285.9,114200.1,,-2.6194497160617805
2025-08-05 07:00:00+00:00,114200.1,114298.7,,-2.6194497160617805
2025-08-05 07:15:00+00:00,114285.7,114261.8,,-2.6194497160617805
2025-08-05 07:30:00+00:00,114238.7,113989.2,,-2.6194497160617805
2025-08-05 07:45:00+00:00,114102.9,114007.8,,-2.6194497160617805
2025-08-05 08:00:00+00:00,113989.1,114015.3,,-2.6194497160617805
2025-08-05 08:15:00+00:00,114181.4,114379.4,,-2.6194497160617805
2025-08-05 08:30:00+00:00,114341.0,114291.7,,-2.6194497160617805
2025-08-05 08:45:00+00:00,114291.7,114241.3,,-2.6194497160617805
2025-08-05 09:00:00+00:00,114320.9,114347.1,,-2.6194497160617805
2025-08-05 09:15:00+00:00,114431.4,114573.8,,-2.6194497160617805
2025-08-05 09:30:00+00:00,114554.2,114705.3,,-2.6194497160617805
2025-08-05 09:45:00+00:00,114720.2,114703.8,,-2.6194497160617805
2025-08-05 10:00:00+00:00,114706.5,114604.0,,-2.6194497160617805
2025-08-05 10:15:00+00:00,114655.5,114985.7,,-2.6194497160617805
2025-08-05 10:30:00+00:00,114961.1,114959.1,,-2.6194497160617805
2025-08-05 10:45:00+00:00,114920.5,114837.6,,-2.6194497160617805
2025-08-05 11:00:00+00:00,114846.1,114789.0,,-2.6194497160617805
2025-08-05 11:15:00+00:00,114824.5,114895.0,,-2.6194497160617805
2025-08-05 11:30:00+00:00,114827.9,114903.9,,-2.6194497160617805
2025-08-05 11:45:00+00:00,114904.0,114830.6,,-2.6194497160617805
2025-08-05 12:00:00+00:00,114836.3,114916.6,,-2.6194497160617805
2025-08-05 12:15:00+00:00,114916.6,114508.5,,-2.6194497160617805
2025-08-05 12:30:00+00:00,114505.2,113989.0,,-2.6194497160617805
2025-08-05 12:45:00+00:00,113988.9,114010.0,,-2.6194497160617805
2025-08-05 13:00:00+00:00,113995.1,113987.1,,-2.6194497160617805
2025-08-05 13:15:00+00:00,114033.4,114140.5,,-2.6194497160617805
2025-08-05 13:30:00+00:00,114103.6,114316.2,,-2.6194497160617805
2025-08-05 13:45:00+00:00,114400.0,114331.0,,-2.6194497160617805
2025-08-05 14:00:00+00:00,114331.0,113803.2,,-2.6194497160617805
2025-08-05 14:15:00+00:00,113789.0,113273.8,,-2.6194497160617805
2025-08-05 14:30:00+00:00,113224.4,112812.1,,-2.6194497160617805
2025-08-05 14:45:00+00:00,112812.1,112950.3,,-2.6194497160617805
2025-08-05 15:00:00+00:00,112945.0,113193.9,,-2.6194497160617805
2025-08-05 15:15:00+00:00,113163.4,112971.8,,-2.6194497160617805
2025-08-05 15:30:00+00:00,112968.2,112787.2,,-2.6194497160617805
2025-08-05 15:45:00+00:00,112835.9,112922.8,,-2.6194497160617805
2025-08-05 16:00:00+00:00,112898.0,113109.7,,-2.6194497160617805
2025-08-05 16:15:00+00:00,113123.0,113175.5,,-2.6194497160617805
2025-08-05 16:30:00+00:00,113162.1,112946.9,,-2.6194497160617805
2025-08-05 16:45:00+00:00,113010.7,113163.8,,-2.6194497160617805
2025-08-05 17:00:00+00:00,113181.9,113208.2,,-2.6194497160617805
2025-08-05 17:15:00+00:00,113212.7,113420.9,,-2.6194497160617805
2025-08-05 17:30:00+00:00,113420.9,113366.6,,-2.6194497160617805
2025-08-05 17:45:00+00:00,113366.5,113648.0,,-2.6194497160617805
2025-08-05 18:00:00+00:00,113588.3,113546.6,,-2.6194497160617805
2025-08-05 18:15:00+00:00,113528.5,113421.0,,-2.6194497160617805
2025-08-05 18:30:00+00:00,113421.1,113394.1,,-2.6194497160617805
2025-08-05 18:45:00+00:00,113425.1,113534.0,,-2.6194497160617805
2025-08-05 19:00:00+00:00,113622.2,113603.1,,-2.6194497160617805
2025-08-05 19:15:00+00:00,113589.3,113610.8,,-2.6194497160617805
2025-08-05 19:30:00+00:00,113606.7,113613.4,,-2.6194497160617805
2025-08-05 19:45:00+00:00,113645.0,113684.2,,-2.6194497160617805
2025-08-05 20:00:00+00:00,113689.2,113761.0,,-2.6194497160617805
2025-08-05 20:15:00+00:00,113761.0,113895.9,,-2.6194497160617805
2025-08-05 20:30:00+00:00,113896.0,113648.1,,-2.6194497160617805
2025-08-05 20:45:00+00:00,113648.0,113604.2,,-2.6194497160617805
2025-08-05 21:00:00+00:00,113648.0,113734.5,,-2.6194497160617805
2025-08-05 21:15:00+00:00,113789.2,113818.3,,-2.6194497160617805
2025-08-05 21:30:00+00:00,113804.7,113668.3,,-2.6194497160617805
2025-08-05 21:45:00+00:00,113677.1,113609.6,,-2.6194497160617805
2025-08-05 22:00:00+00:00,113580.7,113720.6,,-2.6194497160617805
2025-08-05 22:15:00+00:00,113759.0,113761.0,,-2.6194497160617805
2025-08-05 22:30:00+00:00,113866.1,113957.0,,-2.6194497160617805
2025-08-05 22:45:00+00:00,113927.5,113896.8,,-2.6194497160617805
2025-08-05 23:00:00+00:00,113896.8,114012.5,,-2.6194497160617805
2025-08-05 23:15:00+00:00,114012.5,114053.1,,-2.6194497160617805
2025-08-05 23:30:00+00:00,114044.7,114128.8,,-2.6194497160617805
2025-08-05 23:45:00+00:00,114128.9,114170.3,,-2.6194497160617805
2025-08-06 00:00:00+00:00,114170.4,114003.9,,-2.6194497160617805
2025-08-06 00:15:00+00:00,113993.6,113955.0,,-2.6194497160617805
2025-08-06 00:30:00+00:00,113940.7,113900.0,,-2.6194497160617805
2025-08-06 00:45:00+00:00,113900.0,113831.1,,-2.6194497160617805
2025-08-06 01:00:00+00:00,113890.5,113862.2,,-2.6194497160617805
2025-08-06 01:15:00+00:00,113822.8,113657.0,,-2.6194497160617805
2025-08-06 01:30:00+00:00,113657.0,113794.7,,-2.6194497160617805
2025-08-06 01:45:00+00:00,113809.7,113874.9,,-2.6194497160617805
2025-08-06 02:00:00+00:00,113826.1,113534.0,,-2.6194497160617805
2025-08-06 02:15:00+00:00,113607.1,113648.0,,-2.6194497160617805
2025-08-06 02:30:00+00:00,113648.0,113663.1,,-2.6194497160617805
2025-08-06 02:45:00+00:00,113623.0,113616.0,,-2.6194497160617805
2025-08-06 03:00:00+00:00,113628.5,113616.9,,-2.6194497160617805
2025-08-06 03:15:00+00:00,113630.4,113435.4,,-2.6194497160617805
2025-08-06 03:30:00+00:00,113455.1,113554.3,,-2.6194497160617805
2025-08-06 03:45:00+00:00,113556.3,113529.6,,-2.6194497160617805
2025-08-06 04:00:00+00:00,113508.9,113468.7,,-2.6194497160617805
2025-08-06 04:15:00+00:00,113421.1,113465.2,,-2.6194497160617805
2025-08-06 04:30:00+00:00,113449.4,113428.8,,-2.6194497160617805
2025-08-06 04:45:00+00:00,113428.8,113428.8,,-2.6194497160617805
2025-08-06 05:00:00+00:00,113433.5,113866.8,,-2.6194497160617805
2025-08-06 05:15:00+00:00,113874.9,113912.9,,-2.6194497160617805
2025-08-06 05:30:00+00:00,113912.9,114228.4,,-2.6194497160617805
2025-08-06 05:45:00+00:00,114215.8,114123.2,,-2.6194497160617805
2025-08-06 06:00:00+00:00,114115.7,114014.0,,-2.6194497160617805
2025-08-06 06:15:00+00:00,114014.0,114014.1,,-2.6194497160617805
2025-08-06 06:30:00+00:00,114014.0,114058.8,,-2.6194497160617805
2025-08-06 06:45:00+00:00,114149.4,114051.0,,-2.6194497160617805
2025-08-06 07:00:00+00:00,114069.3,114216.9,,-2.6194497160617805
2025-08-06 07:15:00+00:00,114217.0,114274.5,,-2.6194497160617805
2025-08-06 07:30:00+00:00,114284.9,114171.6,,-2.6194497160617805
2025-08-06 07:45:00+00:00,114168.1,114230.7,,-2.6194497160617805
2025-08-06 08:00:00+00:00,114238.8,114103.0,,-2.6194497160617805
2025-08-06 08:15:00+00:00,114103.0,114096.4,,-2.6194497160617805
2025-08-06 08:30:00+00:00,114030.9,113873.2,,-2.6194497160617805
2025-08-06 08:45:00+00:00,113800.0,113933.9,,-2.6194497160617805
2025-08-06 09:00:00+00:00,113944.4,114103.0,,-2.6194497160617805
2025-08-06 09:15:00+00:00,114103.0,114167.5,,-2.6194497160617805
2025-08-06 09:30:00+00:00,114103.0,113989.0,,-2.6194497160617805
2025-08-06 09:45:00+00:00,114045.1,114090.6,,-2.6194497160617805
2025-08-06 10:00:00+00:00,114086.1,114135.2,,-2.6194497160617805
2025-08-06 10:15:00+00:00,114146.7,113971.1,,-2.6194497160617805
2025-08-06 10:30:00+00:00,113983.1,114098.6,,-2.6194497160617805
2025-08-06 10:45:00+00:00,114097.2,114026.0,,-2.6194497160617805
2025-08-06 11:00:00+00:00,114097.5,114115.6,,-2.6194497160617805
2025-08-06 11:15:00+00:00,114167.8,114217.1,,-2.6194497160617805
2025-08-06 11:30:00+00:00,114300.0,114330.9,,-2.6194497160617805
2025-08-06 11:45:00+00:00,114330.9,114217.1,,-2.6194497160617805
2025-08-06 12:00:00+00:00,114331.0,113989.0,,-2.6194497160617805
2025-08-06 12:15:00+00:00,113989.0,114113.5,,-2.6194497160617805
2025-08-06 12:30:00+00:00,114064.6,114173.5,,-2.6194497160617805
2025-08-06 12:45:00+00:00,114045.5,113916.4,,-2.6194497160617805
2025-08-06 13:00:00+00:00,113936.8,113838.9,,-2.6194497160617805
2025-08-06 13:15:00+00:00,113874.7,113912.3,,-2.6194497160617805
2025-08-06 13:30:00+00:00,113860.6,114054.6,,-2.6194497160617805
2025-08-06 13:45:00+00:00,114135.7,114285.8,,-2.6194497160617805
2025-08-06 14:00:00+00:00,114330.9,114276.3,,-2.6194497160617805
2025-08-06 14:15:00+00:00,114276.3,113958.5,,-2.6194497160617805
2025-08-06 14:30:00+00:00,114103.0,114270.7,,-2.6194497160617805
2025-08-06 14:45:00+00:00,114307.8,115134.0,,-2.6194497160617805
2025-08-06 15:00:00+00:00,115134.0,114992.1,,-2.6194497160617805
2025-08-06 15:15:00+00:00,114958.1,114958.7,,-2.6194497160617805
2025-08-06 15:30:00+00:00,115075.4,115164.2,,-2.6194497160617805
2025-08-06 15:45:00+00:00,115164.3,115459.9,,-2.6194497160617805
2025-08-06 16:00:00+00:00,115410.1,115154.1,,-2.6194497160617805
2025-08-06 16:15:00+00:00,115229.3,115148.8,,-2.6194497160617805
2025-08-06 16:30:00+00:00,115138.1,115019.0,,-2.6194497160617805
2025-08-06 16:45:00+00:00,115019.1,115093.8,,-2.6194497160617805
2025-08-06 17:00:00+00:00,115158.5,115095.7,,-2.6194497160617805
2025-08-06 17:15:00+00:00,115190.7,115288.8,,-2.6194497160617805
2025-08-06 17:30:00+00:00,115356.4,115413.5,,-2.6194497160617805
2025-08-06 17:45:00+00:00,115413.5,115467.0,,-2.6194497160617805
2025-08-06 18:00:00+00:00,115467.0,115675.6,,-2.6194497160617805
2025-08-06 18:15:00+00:00,115691.8,115497.1,,-2.6194497160617805
2025-08-06 18:30:00+00:00,115480.1,115364.0,,-2.6194497160617805
2025-08-06 18:45:00+00:00,115364.0,115407.0,,-2.6194497160617805
2025-08-06 19:00:00+00:00,115450.5,115423.8,,-2.6194497160617805
2025-08-06 19:15:00+00:00,115417.8,115472.1,,-2.6194497160617805
2025-08-06 19:30:00+00:00,115393.8,115292.6,,-2.6194497160617805
2025-08-06 19:45:00+00:00,115290.5,115272.0,,-2.6194497160617805
2025-08-06 20:00:00+00:00,115214.5,115236.4,,-2.6194497160617805
2025-08-06 20:15:00+00:00,115222.8,115207.8,,-2.6194497160617805
2025-08-06 20:30:00+00:00,115137.6,115067.8,,-2.6194497160617805
2025-08-06 20:45:00+00:00,115074.1,115123.2,,-2.6194497160617805
2025-08-06 21:00:00+00:00,115064.9,115155.0,,-2.6194497160617805
2025-08-06 21:15:00+00:00,115221.8,115139.5,,-2.6194497160617805
2025-08-06 21:30:00+00:00,115141.0,114859.5,-1.0,-3.6594497160617805
2025-08-06 21:45:00+00:00,114923.5,115018.9,,-3.6594497160617805
2025-08-06 22:00:00+00:00,115019.0,115143.0,,-3.6594497160617805
2025-08-06 22:15:00+00:00,115157.1,115152.0,,-3.6594497160617805
2025-08-06 22:30:00+00:00,115112.3,115046.5,,-3.6594497160617805
2025-08-06 22:45:00+00:00,115144.3,115129.3,,-3.6594497160617805
2025-08-06 23:00:00+00:00,115129.2,115060.7,,-3.6594497160617805
2025-08-06 23:15:00+00:00,115069.9,115014.6,,-3.6594497160617805
2025-08-06 23:30:00+00:00,114998.2,114995.0,,-3.6594497160617805
2025-08-06 23:45:00+00:00,115019.6,115006.5,,-3.6594497160617805
2025-08-07 00:00:00+00:00,115003.4,114917.7,,-3.6594497160617805
2025-08-07 00:15:00+00:00,114954.7,114947.4,-0.06082455489602003,-3.7602742709578005
2025-08-07 00:30:00+00:00,115014.8,114913.1,,-3.7602742709578005
2025-08-07 00:45:00+00:00,114926.5,114931.3,,-3.7602742709578005
2025-08-07 01:00:00+00:00,114916.1,114956.0,,-3.7602742709578005
2025-08-07 01:15:00+00:00,114962.8,115133.9,,-3.7602742709578005
2025-08-07 01:30:00+00:00,115109.3,115041.1,,-3.7602742709578005
2025-08-07 01:45:00+00:00,114981.1,114711.9,,-3.7602742709578005
2025-08-07 02:00:00+00:00,114724.4,114811.6,,-3.7602742709578005
2025-08-07 02:15:00+00:00,114847.6,114778.8,,-3.7602742709578005
2025-08-07 02:30:00+00:00,114778.7,114716.9,,-3.7602742709578005
2025-08-07 02:45:00+00:00,114674.0,114570.2,,-3.7602742709578005
2025-08-07 03:00:00+00:00,114587.9,114549.1,,-3.7602742709578005
2025-08-07 03:15:00+00:00,114549.0,114462.5,,-3.7602742709578005
2025-08-07 03:30:00+00:00,114462.5,114584.1,,-3.7602742709578005
2025-08-07 03:45:00+00:00,114584.1,114545.2,,-3.7602742709578005
2025-08-07 04:00:00+00:00,114545.2,114577.3,,-3.7602742709578005
2025-08-07 04:15:00+00:00,114584.1,114592.2,,-3.7602742709578005
2025-08-07 04:30:00+00:00,114555.9,114451.3,,-3.7602742709578005
2025-08-07 04:45:00+00:00,114423.3,114266.2,,-3.7602742709578005
2025-08-07 05:00:00+00:00,114306.9,114349.3,,-3.7602742709578005
2025-08-07 05:15:00+00:00,114355.5,114465.9,,-3.7602742709578005
2025-08-07 05:30:00+00:00,114485.4,114499.0,,-3.7602742709578005
2025-08-07 05:45:00+00:00,114498.5,114524.0,,-3.7602742709578005
2025-08-07 06:00:00+00:00,114560.0,114654.4,,-3.7602742709578005
2025-08-07 06:15:00+00:00,114648.9,114569.9,,-3.7602742709578005
2025-08-07 06:30:00+00:00,114546.6,114558.5,,-3.7602742709578005
2025-08-07 06:45:00+00:00,114558.5,114660.3,,-3.7602742709578005
2025-08-07 07:00:00+00:00,114749.9,114744.0,,-3.7602742709578005
2025-08-07 07:15:00+00:00,114789.0,114799.9,,-3.7602742709578005
2025-08-07 07:30:00+00:00,114800.0,114771.9,,-3.7602742709578005
2025-08-07 07:45:00+00:00,114774.9,114778.7,,-3.7602742709578005
2025-08-07 08:00:00+00:00,114802.5,114926.8,,-3.7602742709578005
2025-08-07 08:15:00+00:00,114997.6,115133.9,,-3.7602742709578005
2025-08-07 08:30:00+00:00,115104.6,115022.9,,-3.7602742709578005
2025-08-07 08:45:00+00:00,115051.3,115026.5,,-3.7602742709578005
2025-08-07 09:00:00+00:00,115026.5,114910.8,,-3.7602742709578005
2025-08-07 09:15:00+00:00,114919.7,115020.4,,-3.7602742709578005
2025-08-07 09:30:00+00:00,114982.2,114982.3,,-3.7602742709578005
2025-08-07 09:45:00+00:00,115042.0,115084.9,,-3.7602742709578005
2025-08-07 10:00:00+00:00,115071.2,115499.8,,-3.7602742709578005
2025-08-07 10:15:00+00:00,115500.0,115752.9,,-3.7602742709578005
2025-08-07 10:30:00+00:00,115762.6,116335.7,,-3.7602742709578005
2025-08-07 10:45:00+00:00,116335.8,116366.1,,-3.7602742709578005
2025-08-07 11:00:00+00:00,116379.8,116449.9,,-3.7602742709578005
2025-08-07 11:15:00+00:00,116450.0,116821.4,,-3.7602742709578005
2025-08-07 11:30:00+00:00,116818.3,116630.9,,-3.7602742709578005
2025-08-07 11:45:00+00:00,116647.8,116575.4,,-3.7602742709578005
2025-08-07 12:00:00+00:00,116566.1,116287.3,,-3.7602742709578005
2025-08-07 12:15:00+00:00,116341.7,116404.2,,-3.7602742709578005
2025-08-07 12:30:00+00:00,116388.2,116261.4,,-3.7602742709578005
2025-08-07 12:45:00+00:00,116250.0,116386.1,,-3.7602742709578005
2025-08-07 13:00:00+00:00,116394.6,116259.4,,-3.7602742709578005
2025-08-07 13:15:00+00:00,116276.1,116421.1,,-3.7602742709578005
2025-08-07 13:30:00+00:00,116421.1,116523.0,,-3.7602742709578005
2025-08-07 13:45:00+00:00,116523.0,116578.1,,-3.7602742709578005
2025-08-07 14:00:00+00:00,116562.5,116242.3,,-3.7602742709578005
2025-08-07 14:15:00+00:00,116325.3,116365.2,,-3.7602742709578005
2025-08-07 14:30:00+00:00,116290.1,116431.5,,-3.7602742709578005
2025-08-07 14:45:00+00:00,116455.0,116335.6,,-3.7602742709578005
2025-08-07 15:00:00+00:00,116363.4,116385.7,,-3.7602742709578005
2025-08-07 15:15:00+00:00,116407.0,116455.2,,-3.7602742709578005
2025-08-07 15:30:00+00:00,116609.2,116728.4,,-3.7602742709578005
2025-08-07 15:45:00+00:00,116735.1,116707.8,,-3.7602742709578005
2025-08-07 16:00:00+00:00,116680.7,116595.0,,-3.7602742709578005
2025-08-07 16:15:00+00:00,116624.7,116736.8,,-3.7602742709578005
2025-08-07 16:30:00+00:00,116715.0,116117.6,,-3.7602742709578005
2025-08-07 16:45:00+00:00,116110.2,116255.9,,-3.7602742709578005
2025-08-07 17:00:00+00:00,116255.9,116407.0,,-3.7602742709578005
2025-08-07 17:15:00+00:00,116406.9,116428.5,,-3.7602742709578005
2025-08-07 17:30:00+00:00,116411.2,116392.6,,-3.7602742709578005
2025-08-07 17:45:00+00:00,116415.9,116513.4,,-3.7602742709578005
2025-08-07 18:00:00+00:00,116522.5,116229.8,,-3.7602742709578005
2025-08-07 18:15:00+00:00,116236.2,116276.0,,-3.7602742709578005
2025-08-07 18:30:00+00:00,116336.8,116311.2,,-3.7602742709578005
2025-08-07 18:45:00+00:00,116305.3,116523.0,,-3.7602742709578005
2025-08-07 19:00:00+00:00,116523.0,116521.4,,-3.7602742709578005
2025-08-07 19:15:00+00:00,116563.8,116619.8,,-3.7602742709578005
2025-08-07 19:30:00+00:00,116640.0,117041.5,,-3.7602742709578005
2025-08-07 19:45:00+00:00,117041.6,117475.0,,-3.7602742709578005
2025-08-07 20:00:00+00:00,117423.0,117341.0,,-3.7602742709578005
2025-08-07 20:15:00+00:00,117341.0,117422.9,,-3.7602742709578005
2025-08-07 20:30:00+00:00,117458.9,117431.0,,-3.7602742709578005
